No,Latitude,Longitude,Altitude,Date,Time
1,47.813771,-122.387018,-23.0,2015/11/14,08:53:21
2,47.813723,-122.387149,-21.0,2015/11/14,08:53:24
3,47.813772,-122.387298,-26.0,2015/11/14,08:53:29
4,47.813784,-122.387448,-30.0,2015/11/14,08:53:33
5,47.813773,-122.387593,-37.0,2015/11/14,08:53:36
6,47.813821,-122.387748,-40.0,2015/11/14,08:53:40
7,47.813913,-122.387813,-45.0,2015/11/14,08:53:43
8,47.814006,-122.387902,-50.0,2015/11/14,08:53:46
9,47.814087,-122.388023,-47.0,2015/11/14,08:53:49
10,47.814238,-122.388016,-48.0,2015/11/14,08:53:51
11,47.814372,-122.388022,-45.0,2015/11/14,08:53:53
12,47.814542,-122.387989,-41.0,2015/11/14,08:53:55
13,47.814698,-122.387988,-38.0,2015/11/14,08:53:57
14,47.814813,-122.388149,-32.0,2015/11/14,08:54:00
15,47.814826,-122.388301,-34.0,2015/11/14,08:54:02
16,47.814832,-122.388453,-34.0,2015/11/14,08:54:04
17,47.814814,-122.388611,-35.0,2015/11/14,08:54:06
18,47.814771,-122.388780,-33.0,2015/11/14,08:54:08
19,47.814730,-122.388952,-33.0,2015/11/14,08:54:10
20,47.814692,-122.389148,-34.0,2015/11/14,08:54:12
21,47.814647,-122.389356,-35.0,2015/11/14,08:54:14
22,47.814579,-122.389607,-35.0,2015/11/14,08:54:16
23,47.814539,-122.389743,-36.0,2015/11/14,08:54:17
24,47.814477,-122.390004,-38.0,2015/11/14,08:54:19
25,47.814492,-122.390255,-40.0,2015/11/14,08:54:21
26,47.814546,-122.390446,-41.0,2015/11/14,08:54:23
27,47.814746,-122.390403,-41.0,2015/11/14,08:54:25
28,47.814906,-122.390494,-41.0,2015/11/14,08:54:28
29,47.814833,-122.390778,-42.0,2015/11/14,08:54:33
30,47.814699,-122.391028,-44.0,2015/11/14,08:54:35
31,47.814629,-122.391209,-45.0,2015/11/14,08:54:36
32,47.814592,-122.391364,-45.0,2015/11/14,08:54:37
33,47.814592,-122.391535,-47.0,2015/11/14,08:54:38
34,47.814619,-122.391683,-46.0,2015/11/14,08:54:39
35,47.814787,-122.391790,-45.0,2015/11/14,08:54:41
36,47.814877,-122.391835,-45.0,2015/11/14,08:54:42
37,47.815016,-122.391871,-45.0,2015/11/14,08:54:43
38,47.815154,-122.391900,-44.0,2015/11/14,08:54:44
39,47.815280,-122.391963,-45.0,2015/11/14,08:54:45
40,47.815427,-122.392077,-43.0,2015/11/14,08:54:47
41,47.815476,-122.392283,-40.0,2015/11/14,08:54:51
42,47.815446,-122.392454,-41.0,2015/11/14,08:54:53
43,47.815435,-122.392622,-43.0,2015/11/14,08:54:55
44,47.815393,-122.392818,-43.0,2015/11/14,08:54:57
45,47.815443,-122.392968,-43.0,2015/11/14,08:55:00
46,47.815442,-122.393186,-42.0,2015/11/14,08:55:02
47,47.815459,-122.393372,-43.0,2015/11/14,08:55:04
48,47.815462,-122.393602,-45.0,2015/11/14,08:55:06
49,47.815459,-122.393739,-43.0,2015/11/14,08:55:07
50,47.815449,-122.393874,-41.0,2015/11/14,08:55:08
51,47.815437,-122.394012,-40.0,2015/11/14,08:55:09
52,47.815413,-122.394255,-37.0,2015/11/14,08:55:11
53,47.815357,-122.394479,-37.0,2015/11/14,08:55:13
54,47.815298,-122.394695,-38.0,2015/11/14,08:55:15
55,47.815261,-122.394904,-35.0,2015/11/14,08:55:17
56,47.815219,-122.395138,-35.0,2015/11/14,08:55:19
57,47.815176,-122.395360,-34.0,2015/11/14,08:55:21
58,47.815144,-122.395561,-37.0,2015/11/14,08:55:23
59,47.815150,-122.395760,-38.0,2015/11/14,08:55:25
60,47.815135,-122.395969,-38.0,2015/11/14,08:55:27
61,47.815104,-122.396186,-36.0,2015/11/14,08:55:29
62,47.815035,-122.396399,-34.0,2015/11/14,08:55:31
63,47.814948,-122.396607,-36.0,2015/11/14,08:55:33
64,47.814861,-122.396771,-30.0,2015/11/14,08:55:35
65,47.814804,-122.396932,-30.0,2015/11/14,08:55:37
66,47.814783,-122.397074,-30.0,2015/11/14,08:55:39
67,47.814750,-122.397206,-32.0,2015/11/14,08:55:41
68,47.814714,-122.397343,-31.0,2015/11/14,08:55:43
69,47.814693,-122.397533,-34.0,2015/11/14,08:55:46
70,47.814680,-122.397687,-35.0,2015/11/14,08:55:48
71,47.814658,-122.397873,-33.0,2015/11/14,08:55:50
72,47.814611,-122.398068,-32.0,2015/11/14,08:55:52
73,47.814554,-122.398259,-32.0,2015/11/14,08:55:54
74,47.814496,-122.398466,-31.0,2015/11/14,08:55:56
75,47.814432,-122.398666,-29.0,2015/11/14,08:55:58
76,47.814366,-122.398859,-29.0,2015/11/14,08:56:00
77,47.814303,-122.399019,-28.0,2015/11/14,08:56:02
78,47.814269,-122.399174,-30.0,2015/11/14,08:56:04
79,47.814233,-122.399340,-28.0,2015/11/14,08:56:06
80,47.814192,-122.399557,-31.0,2015/11/14,08:56:08
81,47.814132,-122.399790,-29.0,2015/11/14,08:56:10
82,47.814067,-122.400024,-33.0,2015/11/14,08:56:12
83,47.814006,-122.400236,-34.0,2015/11/14,08:56:14
84,47.813943,-122.400418,-34.0,2015/11/14,08:56:16
85,47.813872,-122.400581,-39.0,2015/11/14,08:56:18
86,47.813805,-122.400762,-39.0,2015/11/14,08:56:20
87,47.813745,-122.400959,-39.0,2015/11/14,08:56:22
88,47.813701,-122.401162,-39.0,2015/11/14,08:56:24
89,47.813638,-122.401335,-35.0,2015/11/14,08:56:26
90,47.813588,-122.401510,-36.0,2015/11/14,08:56:28
91,47.813532,-122.401675,-33.0,2015/11/14,08:56:30
92,47.813467,-122.401859,-29.0,2015/11/14,08:56:32
93,47.813400,-122.402058,-28.0,2015/11/14,08:56:34
94,47.813344,-122.402260,-28.0,2015/11/14,08:56:36
95,47.813288,-122.402455,-28.0,2015/11/14,08:56:38
96,47.813229,-122.402632,-25.0,2015/11/14,08:56:40
97,47.813175,-122.402815,-25.0,2015/11/14,08:56:42
98,47.813114,-122.402984,-25.0,2015/11/14,08:56:44
99,47.813050,-122.403153,-27.0,2015/11/14,08:56:46
100,47.813005,-122.403300,-29.0,2015/11/14,08:56:48
101,47.812954,-122.403439,-28.0,2015/11/14,08:56:50
102,47.812906,-122.403633,-29.0,2015/11/14,08:56:52
103,47.812890,-122.403768,-31.0,2015/11/14,08:56:53
104,47.812882,-122.403903,-31.0,2015/11/14,08:56:54
105,47.812854,-122.404148,-32.0,2015/11/14,08:56:56
106,47.812806,-122.404365,-29.0,2015/11/14,08:56:58
107,47.812749,-122.404570,-30.0,2015/11/14,08:57:00
108,47.812683,-122.404767,-29.0,2015/11/14,08:57:02
109,47.812631,-122.404978,-28.0,2015/11/14,08:57:04
110,47.812560,-122.405163,-28.0,2015/11/14,08:57:06
111,47.812491,-122.405370,-25.0,2015/11/14,08:57:08
112,47.812418,-122.405570,-23.0,2015/11/14,08:57:10
113,47.812352,-122.405789,-20.0,2015/11/14,08:57:12
114,47.812280,-122.405991,-17.0,2015/11/14,08:57:14
115,47.812202,-122.406178,-15.0,2015/11/14,08:57:16
116,47.812113,-122.406363,-13.0,2015/11/14,08:57:18
117,47.812028,-122.406537,-12.0,2015/11/14,08:57:20
118,47.811941,-122.406708,-16.0,2015/11/14,08:57:22
119,47.811852,-122.406883,-18.0,2015/11/14,08:57:24
120,47.811773,-122.407058,-19.0,2015/11/14,08:57:26
121,47.811697,-122.407228,-23.0,2015/11/14,08:57:28
122,47.811618,-122.407402,-25.0,2015/11/14,08:57:30
123,47.811539,-122.407571,-24.0,2015/11/14,08:57:32
124,47.811459,-122.407733,-22.0,2015/11/14,08:57:34
125,47.811363,-122.407891,-23.0,2015/11/14,08:57:36
126,47.811228,-122.408149,-22.0,2015/11/14,08:57:39
127,47.811150,-122.408326,-21.0,2015/11/14,08:57:41
128,47.811075,-122.408540,-17.0,2015/11/14,08:57:43
129,47.811016,-122.408769,-18.0,2015/11/14,08:57:45
130,47.810969,-122.409026,-18.0,2015/11/14,08:57:47
131,47.810943,-122.409282,-23.0,2015/11/14,08:57:49
132,47.810901,-122.409514,-20.0,2015/11/14,08:57:51
133,47.810881,-122.409763,-22.0,2015/11/14,08:57:53
134,47.810849,-122.409998,-22.0,2015/11/14,08:57:55
135,47.810809,-122.410204,-19.0,2015/11/14,08:57:57
136,47.810773,-122.410403,-20.0,2015/11/14,08:57:59
137,47.810715,-122.410610,-21.0,2015/11/14,08:58:01
138,47.810652,-122.410815,-22.0,2015/11/14,08:58:03
139,47.810581,-122.410986,-22.0,2015/11/14,08:58:05
140,47.810508,-122.411208,-21.0,2015/11/14,08:58:07
141,47.810471,-122.411338,-21.0,2015/11/14,08:58:08
142,47.810409,-122.411571,-23.0,2015/11/14,08:58:10
143,47.810343,-122.411775,-21.0,2015/11/14,08:58:12
144,47.810275,-122.411963,-20.0,2015/11/14,08:58:14
145,47.810206,-122.412141,-20.0,2015/11/14,08:58:16
146,47.810126,-122.412307,-26.0,2015/11/14,08:58:18
147,47.810055,-122.412477,-29.0,2015/11/14,08:58:20
148,47.809994,-122.412641,-29.0,2015/11/14,08:58:22
149,47.809929,-122.412792,-28.0,2015/11/14,08:58:24
150,47.809868,-122.412942,-26.0,2015/11/14,08:58:26
151,47.809807,-122.413098,-24.0,2015/11/14,08:58:28
152,47.809740,-122.413264,-23.0,2015/11/14,08:58:30
153,47.809676,-122.413426,-21.0,2015/11/14,08:58:32
154,47.809612,-122.413575,-19.0,2015/11/14,08:58:34
155,47.809549,-122.413728,-17.0,2015/11/14,08:58:36
156,47.809490,-122.413880,-17.0,2015/11/14,08:58:38
157,47.809428,-122.414012,-16.0,2015/11/14,08:58:40
158,47.809376,-122.414171,-16.0,2015/11/14,08:58:42
159,47.809318,-122.414292,-14.0,2015/11/14,08:58:44
160,47.809256,-122.414406,-11.0,2015/11/14,08:58:46
161,47.809203,-122.414554,-10.0,2015/11/14,08:58:48
162,47.809138,-122.414656,-9.0,2015/11/14,08:58:50
163,47.809023,-122.414734,-6.0,2015/11/14,08:58:53
164,47.808895,-122.414824,-6.0,2015/11/14,08:58:56
165,47.808812,-122.414911,-9.0,2015/11/14,08:58:58
166,47.808741,-122.415032,-11.0,2015/11/14,08:59:00
167,47.808696,-122.415170,-14.0,2015/11/14,08:59:02
168,47.808645,-122.415299,-18.0,2015/11/14,08:59:04
169,47.808604,-122.415437,-16.0,2015/11/14,08:59:06
170,47.808583,-122.415608,-17.0,2015/11/14,08:59:08
171,47.808569,-122.415792,-15.0,2015/11/14,08:59:10
172,47.808559,-122.416009,-13.0,2015/11/14,08:59:12
173,47.808553,-122.416243,-18.0,2015/11/14,08:59:14
174,47.808544,-122.416471,-20.0,2015/11/14,08:59:16
175,47.808538,-122.416683,-24.0,2015/11/14,08:59:18
176,47.808535,-122.416886,-24.0,2015/11/14,08:59:20
177,47.808520,-122.417061,-22.0,2015/11/14,08:59:22
178,47.808485,-122.417217,-21.0,2015/11/14,08:59:24
179,47.808436,-122.417355,-20.0,2015/11/14,08:59:26
180,47.808389,-122.417495,-20.0,2015/11/14,08:59:28
181,47.808351,-122.417635,-18.0,2015/11/14,08:59:30
182,47.808305,-122.417750,-19.0,2015/11/14,08:59:32
183,47.808245,-122.417920,-22.0,2015/11/14,08:59:35
184,47.808190,-122.418037,-25.0,2015/11/14,08:59:38
185,47.808165,-122.418169,-26.0,2015/11/14,08:59:40
186,47.808169,-122.418305,-27.0,2015/11/14,08:59:42
187,47.808172,-122.418469,-31.0,2015/11/14,08:59:45
188,47.808158,-122.418616,-30.0,2015/11/14,08:59:49
189,47.808087,-122.418728,-34.0,2015/11/14,08:59:54
190,47.808029,-122.418851,-38.0,2015/11/14,08:59:58
191,47.807961,-122.418959,-37.0,2015/11/14,09:00:02
192,47.807885,-122.419035,-41.0,2015/11/14,09:00:06
193,47.807776,-122.419110,-36.0,2015/11/14,09:00:12
194,47.807686,-122.419100,-28.0,2015/11/14,09:00:18
195,47.807618,-122.419206,-32.0,2015/11/14,09:00:32
196,47.807565,-122.419318,-30.0,2015/11/14,09:00:53
197,47.807564,-122.419456,-36.0,2015/11/14,09:01:05
198,47.807556,-122.419594,-33.0,2015/11/14,09:01:20
199,47.807578,-122.419726,-36.0,2015/11/14,09:01:31
200,47.807517,-122.419835,-7.0,2015/11/14,09:02:06
201,47.807465,-122.419953,-17.0,2015/11/14,09:02:23
202,47.807450,-122.420088,-26.0,2015/11/14,09:02:32
203,47.807394,-122.420213,-30.0,2015/11/14,09:02:42
204,47.807363,-122.420355,-29.0,2015/11/14,09:02:49
205,47.807318,-122.420479,-26.0,2015/11/14,09:02:55
206,47.807259,-122.420605,-21.0,2015/11/14,09:03:00
207,47.807212,-122.420737,-18.0,2015/11/14,09:03:04
208,47.807165,-122.420861,-18.0,2015/11/14,09:03:08
209,47.807124,-122.421001,-24.0,2015/11/14,09:03:12
210,47.807105,-122.421167,-27.0,2015/11/14,09:03:16
211,47.807063,-122.421304,-28.0,2015/11/14,09:03:20
212,47.807003,-122.421420,-27.0,2015/11/14,09:03:24
213,47.806961,-122.421543,-26.0,2015/11/14,09:03:28
214,47.806927,-122.421680,-27.0,2015/11/14,09:03:32
215,47.806871,-122.421834,-25.0,2015/11/14,09:03:36
216,47.806827,-122.421981,-27.0,2015/11/14,09:03:39
217,47.806788,-122.422145,-28.0,2015/11/14,09:03:42
218,47.806754,-122.422310,-28.0,2015/11/14,09:03:45
219,47.806721,-122.422486,-27.0,2015/11/14,09:03:48
220,47.806683,-122.422676,-28.0,2015/11/14,09:03:51
221,47.806652,-122.422807,-28.0,2015/11/14,09:03:53
222,47.806613,-122.422968,-28.0,2015/11/14,09:03:55
223,47.806565,-122.423123,-27.0,2015/11/14,09:03:57
224,47.806509,-122.423276,-26.0,2015/11/14,09:03:59
225,47.806453,-122.423416,-28.0,2015/11/14,09:04:01
226,47.806400,-122.423551,-28.0,2015/11/14,09:04:03
227,47.806354,-122.423680,-28.0,2015/11/14,09:04:05
228,47.806301,-122.423820,-26.0,2015/11/14,09:04:07
229,47.806250,-122.423966,-27.0,2015/11/14,09:04:09
230,47.806171,-122.424115,-29.0,2015/11/14,09:04:11
231,47.806093,-122.424258,-30.0,2015/11/14,09:04:13
232,47.806019,-122.424407,-30.0,2015/11/14,09:04:15
233,47.805957,-122.424543,-28.0,2015/11/14,09:04:17
234,47.805898,-122.424691,-24.0,2015/11/14,09:04:19
235,47.805847,-122.424847,-24.0,2015/11/14,09:04:21
236,47.805802,-122.425002,-23.0,2015/11/14,09:04:23
237,47.805756,-122.425150,-20.0,2015/11/14,09:04:25
238,47.805713,-122.425323,-23.0,2015/11/14,09:04:27
239,47.805672,-122.425502,-22.0,2015/11/14,09:04:29
240,47.805614,-122.425676,-26.0,2015/11/14,09:04:31
241,47.805536,-122.425846,-28.0,2015/11/14,09:04:33
242,47.805471,-122.426019,-31.0,2015/11/14,09:04:35
243,47.805410,-122.426184,-29.0,2015/11/14,09:04:37
244,47.805348,-122.426359,-29.0,2015/11/14,09:04:39
245,47.805294,-122.426527,-29.0,2015/11/14,09:04:41
246,47.805244,-122.426696,-27.0,2015/11/14,09:04:43
247,47.805209,-122.426894,-30.0,2015/11/14,09:04:45
248,47.805179,-122.427090,-31.0,2015/11/14,09:04:47
249,47.805133,-122.427271,-29.0,2015/11/14,09:04:49
250,47.805077,-122.427445,-32.0,2015/11/14,09:04:51
251,47.805029,-122.427631,-36.0,2015/11/14,09:04:53
252,47.804986,-122.427824,-37.0,2015/11/14,09:04:55
253,47.804940,-122.428017,-38.0,2015/11/14,09:04:57
254,47.804899,-122.428207,-42.0,2015/11/14,09:04:59
255,47.804858,-122.428393,-41.0,2015/11/14,09:05:01
256,47.804813,-122.428593,-42.0,2015/11/14,09:05:03
257,47.804759,-122.428780,-42.0,2015/11/14,09:05:05
258,47.804696,-122.428948,-40.0,2015/11/14,09:05:07
259,47.804632,-122.429117,-41.0,2015/11/14,09:05:09
260,47.804577,-122.429316,-40.0,2015/11/14,09:05:11
261,47.804518,-122.429527,-38.0,2015/11/14,09:05:13
262,47.804456,-122.429732,-39.0,2015/11/14,09:05:15
263,47.804398,-122.429930,-38.0,2015/11/14,09:05:17
264,47.804339,-122.430123,-37.0,2015/11/14,09:05:19
265,47.804280,-122.430314,-36.0,2015/11/14,09:05:21
266,47.804217,-122.430528,-34.0,2015/11/14,09:05:23
267,47.804149,-122.430716,-32.0,2015/11/14,09:05:25
268,47.804091,-122.430908,-32.0,2015/11/14,09:05:27
269,47.804047,-122.431101,-33.0,2015/11/14,09:05:29
270,47.803996,-122.431286,-30.0,2015/11/14,09:05:31
271,47.803936,-122.431454,-30.0,2015/11/14,09:05:33
272,47.803863,-122.431627,-29.0,2015/11/14,09:05:35
273,47.803784,-122.431802,-27.0,2015/11/14,09:05:37
274,47.803710,-122.431991,-26.0,2015/11/14,09:05:39
275,47.803658,-122.432213,-28.0,2015/11/14,09:05:41
276,47.803607,-122.432441,-30.0,2015/11/14,09:05:43
277,47.803522,-122.432741,-28.0,2015/11/14,09:05:46
278,47.803445,-122.432934,-28.0,2015/11/14,09:05:48
279,47.803383,-122.433125,-30.0,2015/11/14,09:05:50
280,47.803340,-122.433333,-31.0,2015/11/14,09:05:52
281,47.803313,-122.433536,-33.0,2015/11/14,09:05:54
282,47.803283,-122.433736,-33.0,2015/11/14,09:05:56
283,47.803232,-122.433943,-32.0,2015/11/14,09:05:58
284,47.803158,-122.434135,-32.0,2015/11/14,09:06:00
285,47.803068,-122.434325,-33.0,2015/11/14,09:06:02
286,47.802971,-122.434529,-34.0,2015/11/14,09:06:04
287,47.802881,-122.434722,-34.0,2015/11/14,09:06:06
288,47.802804,-122.434886,-32.0,2015/11/14,09:06:08
289,47.802745,-122.435046,-33.0,2015/11/14,09:06:10
290,47.802679,-122.435205,-29.0,2015/11/14,09:06:12
291,47.802609,-122.435361,-27.0,2015/11/14,09:06:14
292,47.802541,-122.435526,-28.0,2015/11/14,09:06:16
293,47.802471,-122.435701,-29.0,2015/11/14,09:06:18
294,47.802400,-122.435876,-28.0,2015/11/14,09:06:20
295,47.802345,-122.436052,-29.0,2015/11/14,09:06:22
296,47.802279,-122.436220,-29.0,2015/11/14,09:06:24
297,47.802212,-122.436407,-29.0,2015/11/14,09:06:26
298,47.802148,-122.436599,-30.0,2015/11/14,09:06:28
299,47.802101,-122.436775,-32.0,2015/11/14,09:06:30
300,47.802060,-122.436959,-31.0,2015/11/14,09:06:32
301,47.801986,-122.437157,-33.0,2015/11/14,09:06:34
302,47.801898,-122.437328,-33.0,2015/11/14,09:06:36
303,47.801810,-122.437524,-33.0,2015/11/14,09:06:38
304,47.801732,-122.437736,-35.0,2015/11/14,09:06:40
305,47.801658,-122.437957,-36.0,2015/11/14,09:06:42
306,47.801588,-122.438169,-34.0,2015/11/14,09:06:44
307,47.801521,-122.438378,-35.0,2015/11/14,09:06:46
308,47.801455,-122.438579,-36.0,2015/11/14,09:06:48
309,47.801402,-122.438778,-36.0,2015/11/14,09:06:50
310,47.801348,-122.438983,-36.0,2015/11/14,09:06:52
311,47.801291,-122.439186,-34.0,2015/11/14,09:06:54
312,47.801226,-122.439376,-32.0,2015/11/14,09:06:56
313,47.801167,-122.439558,-30.0,2015/11/14,09:06:58
314,47.801116,-122.439761,-30.0,2015/11/14,09:07:00
315,47.801057,-122.439960,-26.0,2015/11/14,09:07:02
316,47.800993,-122.440146,-25.0,2015/11/14,09:07:04
317,47.800924,-122.440330,-24.0,2015/11/14,09:07:06
318,47.800856,-122.440524,-23.0,2015/11/14,09:07:08
319,47.800802,-122.440738,-24.0,2015/11/14,09:07:10
320,47.800751,-122.440960,-21.0,2015/11/14,09:07:12
321,47.800702,-122.441182,-22.0,2015/11/14,09:07:14
322,47.800652,-122.441382,-19.0,2015/11/14,09:07:16
323,47.800597,-122.441558,-18.0,2015/11/14,09:07:18
324,47.800521,-122.441728,-18.0,2015/11/14,09:07:20
325,47.800438,-122.441882,-17.0,2015/11/14,09:07:22
326,47.800357,-122.442034,-16.0,2015/11/14,09:07:24
327,47.800279,-122.442193,-14.0,2015/11/14,09:07:26
328,47.800199,-122.442363,-16.0,2015/11/14,09:07:28
329,47.800127,-122.442527,-14.0,2015/11/14,09:07:30
330,47.800054,-122.442682,-15.0,2015/11/14,09:07:32
331,47.799994,-122.442872,-19.0,2015/11/14,09:07:34
332,47.799946,-122.443095,-22.0,2015/11/14,09:07:36
333,47.799890,-122.443308,-22.0,2015/11/14,09:07:38
334,47.799829,-122.443511,-23.0,2015/11/14,09:07:40
335,47.799773,-122.443696,-21.0,2015/11/14,09:07:42
336,47.799724,-122.443880,-22.0,2015/11/14,09:07:44
337,47.799675,-122.444072,-25.0,2015/11/14,09:07:46
338,47.799618,-122.444268,-25.0,2015/11/14,09:07:48
339,47.799557,-122.444463,-26.0,2015/11/14,09:07:50
340,47.799487,-122.444649,-24.0,2015/11/14,09:07:52
341,47.799410,-122.444831,-23.0,2015/11/14,09:07:54
342,47.799327,-122.445016,-25.0,2015/11/14,09:07:56
343,47.799236,-122.445196,-26.0,2015/11/14,09:07:58
344,47.799150,-122.445389,-26.0,2015/11/14,09:08:00
345,47.799076,-122.445598,-26.0,2015/11/14,09:08:02
346,47.799018,-122.445837,-29.0,2015/11/14,09:08:04
347,47.798961,-122.446063,-28.0,2015/11/14,09:08:06
348,47.798891,-122.446275,-29.0,2015/11/14,09:08:08
349,47.798821,-122.446483,-27.0,2015/11/14,09:08:10
350,47.798752,-122.446696,-25.0,2015/11/14,09:08:12
351,47.798676,-122.446902,-28.0,2015/11/14,09:08:14
352,47.798596,-122.447087,-27.0,2015/11/14,09:08:16
353,47.798514,-122.447252,-26.0,2015/11/14,09:08:18
354,47.798434,-122.447419,-25.0,2015/11/14,09:08:20
355,47.798357,-122.447600,-24.0,2015/11/14,09:08:22
356,47.798285,-122.447781,-22.0,2015/11/14,09:08:24
357,47.798219,-122.447882,-21.0,2015/11/14,09:08:26
358,47.798169,-122.447999,-21.0,2015/11/14,09:08:28
359,47.798102,-122.448135,-20.0,2015/11/14,09:08:30
360,47.798051,-122.448273,-18.0,2015/11/14,09:08:32
361,47.797989,-122.448402,-15.0,2015/11/14,09:08:34
362,47.797923,-122.448590,-14.0,2015/11/14,09:08:36
363,47.797875,-122.448794,-12.0,2015/11/14,09:08:38
364,47.797832,-122.449021,-11.0,2015/11/14,09:08:40
365,47.797753,-122.449257,-9.0,2015/11/14,09:08:42
366,47.797658,-122.449469,-7.0,2015/11/14,09:08:44
367,47.797563,-122.449698,-6.0,2015/11/14,09:08:46
368,47.797514,-122.449833,-3.0,2015/11/14,09:08:47
369,47.797464,-122.449964,-2.0,2015/11/14,09:08:48
370,47.797422,-122.450097,-2.0,2015/11/14,09:08:49
371,47.797405,-122.450269,-1.0,2015/11/14,09:08:50
372,47.797385,-122.450426,-1.0,2015/11/14,09:08:51
373,47.797349,-122.450676,-1.0,2015/11/14,09:08:53
374,47.797294,-122.450835,-2.0,2015/11/14,09:08:55
375,47.797247,-122.450971,-2.0,2015/11/14,09:08:57
376,47.797178,-122.451073,2.0,2015/11/14,09:08:59
377,47.797102,-122.451197,5.9,2015/11/14,09:09:01
378,47.797044,-122.451368,-1.0,2015/11/14,09:09:03
379,47.796981,-122.451547,5.9,2015/11/14,09:09:05
380,47.796913,-122.451736,3.0,2015/11/14,09:09:07
381,47.796849,-122.451935,2.0,2015/11/14,09:09:09
382,47.796795,-122.452147,3.0,2015/11/14,09:09:11
383,47.796736,-122.452348,2.0,2015/11/14,09:09:13
384,47.796680,-122.452517,-2.0,2015/11/14,09:09:15
385,47.796621,-122.452694,-3.0,2015/11/14,09:09:17
386,47.796548,-122.452860,-3.0,2015/11/14,09:09:19
387,47.796472,-122.453052,-3.0,2015/11/14,09:09:21
388,47.796392,-122.453259,-3.0,2015/11/14,09:09:23
389,47.796308,-122.453469,-4.0,2015/11/14,09:09:25
390,47.796245,-122.453698,-6.0,2015/11/14,09:09:27
391,47.796191,-122.453907,-7.0,2015/11/14,09:09:29
392,47.796134,-122.454123,-7.0,2015/11/14,09:09:31
393,47.796113,-122.454260,-9.0,2015/11/14,09:09:32
394,47.796062,-122.454505,-13.0,2015/11/14,09:09:34
395,47.796000,-122.454739,-15.0,2015/11/14,09:09:36
396,47.795930,-122.454962,-17.0,2015/11/14,09:09:38
397,47.795867,-122.455173,-18.0,2015/11/14,09:09:40
398,47.795789,-122.455345,-18.0,2015/11/14,09:09:42
399,47.795693,-122.455465,-19.0,2015/11/14,09:09:44
400,47.795592,-122.455555,-18.0,2015/11/14,09:09:46
401,47.795473,-122.455640,-20.0,2015/11/14,09:09:48
402,47.795347,-122.455734,-19.0,2015/11/14,09:09:50
403,47.795238,-122.455844,-19.0,2015/11/14,09:09:52
404,47.795137,-122.455983,-18.0,2015/11/14,09:09:54
405,47.795030,-122.456121,-16.0,2015/11/14,09:09:56
406,47.794931,-122.456251,-18.0,2015/11/14,09:09:58
407,47.794840,-122.456395,-17.0,2015/11/14,09:10:00
408,47.794751,-122.456558,-17.0,2015/11/14,09:10:02
409,47.794659,-122.456715,-17.0,2015/11/14,09:10:04
410,47.794583,-122.456912,-19.0,2015/11/14,09:10:06
411,47.794505,-122.457119,-20.0,2015/11/14,09:10:08
412,47.794423,-122.457311,-20.0,2015/11/14,09:10:10
413,47.794334,-122.457486,-22.0,2015/11/14,09:10:12
414,47.794238,-122.457644,-22.0,2015/11/14,09:10:14
415,47.794148,-122.457812,-23.0,2015/11/14,09:10:16
416,47.794051,-122.457979,-24.0,2015/11/14,09:10:18
417,47.793963,-122.458140,-30.0,2015/11/14,09:10:20
418,47.793895,-122.458318,-30.0,2015/11/14,09:10:22
419,47.793820,-122.458481,-31.0,2015/11/14,09:10:24
420,47.793728,-122.458632,-27.0,2015/11/14,09:10:26
421,47.793627,-122.458780,-28.0,2015/11/14,09:10:28
422,47.793531,-122.458952,-29.0,2015/11/14,09:10:30
423,47.793429,-122.459120,-29.0,2015/11/14,09:10:32
424,47.793356,-122.459298,-35.0,2015/11/14,09:10:34
425,47.793262,-122.459472,-34.0,2015/11/14,09:10:36
426,47.793167,-122.459628,-36.0,2015/11/14,09:10:38
427,47.793060,-122.459786,-36.0,2015/11/14,09:10:40
428,47.792957,-122.459950,-38.0,2015/11/14,09:10:42
429,47.792842,-122.460112,-39.0,2015/11/14,09:10:44
430,47.792714,-122.460267,-38.0,2015/11/14,09:10:46
431,47.792577,-122.460430,-38.0,2015/11/14,09:10:48
432,47.792510,-122.460520,-38.0,2015/11/14,09:10:49
433,47.792447,-122.460627,-39.0,2015/11/14,09:10:50
434,47.792328,-122.460794,-39.0,2015/11/14,09:10:52
435,47.792226,-122.460940,-41.0,2015/11/14,09:10:54
436,47.792117,-122.461041,-40.0,2015/11/14,09:10:56
437,47.792003,-122.461096,-36.0,2015/11/14,09:10:58
438,47.791904,-122.461206,-38.0,2015/11/14,09:11:00
439,47.791794,-122.461301,-36.0,2015/11/14,09:11:02
440,47.791673,-122.461384,-36.0,2015/11/14,09:11:04
441,47.791535,-122.461465,-33.0,2015/11/14,09:11:06
442,47.791411,-122.461564,-34.0,2015/11/14,09:11:08
443,47.791284,-122.461675,-33.0,2015/11/14,09:11:10
444,47.791151,-122.461801,-28.0,2015/11/14,09:11:12
445,47.791022,-122.461948,-28.0,2015/11/14,09:11:14
446,47.790904,-122.462092,-25.0,2015/11/14,09:11:16
447,47.790806,-122.462254,-27.0,2015/11/14,09:11:18
448,47.790736,-122.462452,-29.0,2015/11/14,09:11:20
449,47.790671,-122.462652,-28.0,2015/11/14,09:11:22
450,47.790601,-122.462836,-29.0,2015/11/14,09:11:24
451,47.790530,-122.462985,-26.0,2015/11/14,09:11:26
452,47.790467,-122.463115,-24.0,2015/11/14,09:11:28
453,47.790389,-122.463271,-23.0,2015/11/14,09:11:30
454,47.790320,-122.463441,-23.0,2015/11/14,09:11:32
455,47.790240,-122.463599,-21.0,2015/11/14,09:11:34
456,47.790165,-122.463768,-21.0,2015/11/14,09:11:36
457,47.790095,-122.463923,-20.0,2015/11/14,09:11:38
458,47.790027,-122.464077,-21.0,2015/11/14,09:11:40
459,47.789963,-122.464238,-21.0,2015/11/14,09:11:42
460,47.789902,-122.464412,-21.0,2015/11/14,09:11:44
461,47.789851,-122.464602,-23.0,2015/11/14,09:11:46
462,47.789801,-122.464795,-23.0,2015/11/14,09:11:48
463,47.789741,-122.464980,-25.0,2015/11/14,09:11:50
464,47.789696,-122.465178,-27.0,2015/11/14,09:11:52
465,47.789658,-122.465369,-28.0,2015/11/14,09:11:54
466,47.789607,-122.465555,-28.0,2015/11/14,09:11:56
467,47.789554,-122.465735,-27.0,2015/11/14,09:11:58
468,47.789511,-122.465933,-30.0,2015/11/14,09:12:00
469,47.789496,-122.466147,-31.0,2015/11/14,09:12:02
470,47.789488,-122.466371,-33.0,2015/11/14,09:12:04
471,47.789477,-122.466590,-32.0,2015/11/14,09:12:06
472,47.789475,-122.466801,-33.0,2015/11/14,09:12:08
473,47.789481,-122.467004,-31.0,2015/11/14,09:12:10
474,47.789484,-122.467209,-30.0,2015/11/14,09:12:12
475,47.789475,-122.467419,-27.0,2015/11/14,09:12:14
476,47.789473,-122.467623,-29.0,2015/11/14,09:12:16
477,47.789473,-122.467828,-29.0,2015/11/14,09:12:18
478,47.789471,-122.468025,-28.0,2015/11/14,09:12:20
479,47.789466,-122.468227,-30.0,2015/11/14,09:12:22
480,47.789467,-122.468411,-29.0,2015/11/14,09:12:24
481,47.789474,-122.468596,-29.0,2015/11/14,09:12:26
482,47.789469,-122.468789,-29.0,2015/11/14,09:12:28
483,47.789453,-122.468978,-29.0,2015/11/14,09:12:30
484,47.789453,-122.469185,-28.0,2015/11/14,09:12:32
485,47.789456,-122.469402,-30.0,2015/11/14,09:12:34
486,47.789477,-122.469612,-30.0,2015/11/14,09:12:36
487,47.789494,-122.469812,-30.0,2015/11/14,09:12:38
488,47.789525,-122.470012,-32.0,2015/11/14,09:12:40
489,47.789561,-122.470201,-30.0,2015/11/14,09:12:42
490,47.789576,-122.470393,-30.0,2015/11/14,09:12:44
491,47.789585,-122.470580,-29.0,2015/11/14,09:12:46
492,47.789595,-122.470772,-29.0,2015/11/14,09:12:48
493,47.789606,-122.470978,-29.0,2015/11/14,09:12:50
494,47.789611,-122.471198,-29.0,2015/11/14,09:12:52
495,47.789614,-122.471414,-29.0,2015/11/14,09:12:54
496,47.789618,-122.471640,-30.0,2015/11/14,09:12:56
497,47.789625,-122.471871,-31.0,2015/11/14,09:12:58
498,47.789634,-122.472094,-32.0,2015/11/14,09:13:00
499,47.789659,-122.472307,-34.0,2015/11/14,09:13:02
500,47.789685,-122.472523,-34.0,2015/11/14,09:13:04
501,47.789712,-122.472733,-34.0,2015/11/14,09:13:06
502,47.789727,-122.472946,-30.0,2015/11/14,09:13:08
503,47.789736,-122.473161,-30.0,2015/11/14,09:13:10
504,47.789744,-122.473383,-30.0,2015/11/14,09:13:12
505,47.789747,-122.473611,-32.0,2015/11/14,09:13:14
506,47.789768,-122.473845,-24.0,2015/11/14,09:13:16
507,47.789791,-122.474077,-20.0,2015/11/14,09:13:18
508,47.789817,-122.474304,-17.0,2015/11/14,09:13:20
509,47.789854,-122.474624,-15.0,2015/11/14,09:13:23
510,47.789859,-122.474829,-13.0,2015/11/14,09:13:25
511,47.789852,-122.475046,-11.0,2015/11/14,09:13:27
512,47.789848,-122.475264,-11.0,2015/11/14,09:13:29
513,47.789850,-122.475491,-15.0,2015/11/14,09:13:31
514,47.789855,-122.475718,-14.0,2015/11/14,09:13:33
515,47.789872,-122.475934,-24.0,2015/11/14,09:13:35
516,47.789903,-122.476139,-22.0,2015/11/14,09:13:37
517,47.789958,-122.476350,-21.0,2015/11/14,09:13:39
518,47.790012,-122.476566,-20.0,2015/11/14,09:13:41
519,47.790054,-122.476770,-19.0,2015/11/14,09:13:43
520,47.790094,-122.476960,-16.0,2015/11/14,09:13:45
521,47.790155,-122.477243,-17.0,2015/11/14,09:13:48
522,47.790200,-122.477429,-17.0,2015/11/14,09:13:50
523,47.790244,-122.477622,-19.0,2015/11/14,09:13:52
524,47.790282,-122.477828,-20.0,2015/11/14,09:13:54
525,47.790325,-122.478046,-21.0,2015/11/14,09:13:56
526,47.790371,-122.478271,-21.0,2015/11/14,09:13:58
527,47.790424,-122.478483,-20.0,2015/11/14,09:14:00
528,47.790474,-122.478683,-20.0,2015/11/14,09:14:02
529,47.790517,-122.478883,-21.0,2015/11/14,09:14:04
530,47.790553,-122.479074,-20.0,2015/11/14,09:14:06
531,47.790595,-122.479279,-19.0,2015/11/14,09:14:08
532,47.790613,-122.479493,-19.0,2015/11/14,09:14:10
533,47.790636,-122.479707,-19.0,2015/11/14,09:14:12
534,47.790659,-122.479918,-18.0,2015/11/14,09:14:14
535,47.790691,-122.480224,-18.0,2015/11/14,09:14:17
536,47.790716,-122.480408,-19.0,2015/11/14,09:14:19
537,47.790750,-122.480582,-20.0,2015/11/14,09:14:21
538,47.790793,-122.480744,-23.0,2015/11/14,09:14:23
539,47.790829,-122.480915,-24.0,2015/11/14,09:14:25
540,47.790862,-122.481094,-24.0,2015/11/14,09:14:27
541,47.790903,-122.481281,-25.0,2015/11/14,09:14:29
542,47.790960,-122.481473,-24.0,2015/11/14,09:14:31
543,47.791017,-122.481661,-20.0,2015/11/14,09:14:33
544,47.791071,-122.481836,-21.0,2015/11/14,09:14:35
545,47.791121,-122.481991,-21.0,2015/11/14,09:14:37
546,47.791144,-122.482156,-20.0,2015/11/14,09:14:39
547,47.791154,-122.482325,-20.0,2015/11/14,09:14:41
548,47.791175,-122.482491,-22.0,2015/11/14,09:14:43
549,47.791208,-122.482650,-20.0,2015/11/14,09:14:45
550,47.791245,-122.482806,-21.0,2015/11/14,09:14:47
551,47.791273,-122.482961,-20.0,2015/11/14,09:14:49
552,47.791309,-122.483104,-19.0,2015/11/14,09:14:51
553,47.791343,-122.483265,-19.0,2015/11/14,09:14:53
554,47.791370,-122.483450,-18.0,2015/11/14,09:14:55
555,47.791381,-122.483649,-18.0,2015/11/14,09:14:57
556,47.791396,-122.483838,-18.0,2015/11/14,09:14:59
557,47.791429,-122.484007,-19.0,2015/11/14,09:15:01
558,47.791474,-122.484169,-20.0,2015/11/14,09:15:03
559,47.791522,-122.484325,-21.0,2015/11/14,09:15:05
560,47.791568,-122.484487,-22.0,2015/11/14,09:15:07
561,47.791614,-122.484637,-22.0,2015/11/14,09:15:09
562,47.791659,-122.484770,-21.0,2015/11/14,09:15:11
563,47.791705,-122.484901,-21.0,2015/11/14,09:15:13
564,47.791745,-122.485033,-21.0,2015/11/14,09:15:15
565,47.791782,-122.485156,-22.0,2015/11/14,09:15:17
566,47.791817,-122.485287,-21.0,2015/11/14,09:15:19
567,47.791850,-122.485415,-23.0,2015/11/14,09:15:21
568,47.791883,-122.485551,-21.0,2015/11/14,09:15:23
569,47.791929,-122.485675,-22.0,2015/11/14,09:15:25
570,47.791992,-122.485790,-21.0,2015/11/14,09:15:27
571,47.792042,-122.485922,-22.0,2015/11/14,09:15:29
572,47.792075,-122.486068,-22.0,2015/11/14,09:15:31
573,47.792111,-122.486204,-21.0,2015/11/14,09:15:33
574,47.792152,-122.486340,-20.0,2015/11/14,09:15:35
575,47.792188,-122.486475,-22.0,2015/11/14,09:15:37
576,47.792223,-122.486617,-21.0,2015/11/14,09:15:39
577,47.792230,-122.486769,-20.0,2015/11/14,09:15:41
578,47.792205,-122.486952,-18.0,2015/11/14,09:15:43
579,47.792147,-122.487151,-16.0,2015/11/14,09:15:45
580,47.792087,-122.487252,-16.0,2015/11/14,09:15:46
581,47.792032,-122.487367,-14.0,2015/11/14,09:15:47
582,47.791974,-122.487575,-14.0,2015/11/14,09:15:49
583,47.792060,-122.487677,-20.0,2015/11/14,09:15:51
584,47.792149,-122.487788,-20.0,2015/11/14,09:15:53
585,47.792237,-122.487898,-25.0,2015/11/14,09:15:55
586,47.792320,-122.488020,-22.0,2015/11/14,09:15:57
587,47.792399,-122.488139,-22.0,2015/11/14,09:15:59
588,47.792462,-122.488249,-23.0,2015/11/14,09:16:01
589,47.792509,-122.488373,-22.0,2015/11/14,09:16:03
590,47.792560,-122.488487,-24.0,2015/11/14,09:16:05
591,47.792615,-122.488621,-22.0,2015/11/14,09:16:07
592,47.792671,-122.488759,-24.0,2015/11/14,09:16:09
593,47.792722,-122.488885,-22.0,2015/11/14,09:16:11
594,47.792793,-122.489049,-17.0,2015/11/14,09:16:14
595,47.792857,-122.489217,-14.0,2015/11/14,09:16:17
596,47.792900,-122.489336,-11.0,2015/11/14,09:16:19
597,47.792949,-122.489456,-12.0,2015/11/14,09:16:21
598,47.793000,-122.489574,-12.0,2015/11/14,09:16:23
599,47.793037,-122.489706,-10.0,2015/11/14,09:16:25
600,47.793066,-122.489849,-10.0,2015/11/14,09:16:27
601,47.793094,-122.489993,-10.0,2015/11/14,09:16:29
602,47.793123,-122.490131,-11.0,2015/11/14,09:16:31
603,47.793159,-122.490254,-11.0,2015/11/14,09:16:33
604,47.793205,-122.490429,-13.0,2015/11/14,09:16:36
605,47.793246,-122.490599,-11.0,2015/11/14,09:16:39
606,47.793296,-122.490760,-12.0,2015/11/14,09:16:42
607,47.793353,-122.490916,-10.0,2015/11/14,09:16:45
608,47.793417,-122.491065,-10.0,2015/11/14,09:16:48
609,47.793483,-122.491214,-7.0,2015/11/14,09:16:51
610,47.793546,-122.491371,-7.0,2015/11/14,09:16:54
611,47.793614,-122.491524,-9.0,2015/11/14,09:16:57
612,47.793678,-122.491673,-14.0,2015/11/14,09:17:00
613,47.793716,-122.491813,-10.0,2015/11/14,09:17:03
614,47.793745,-122.491980,-11.0,2015/11/14,09:17:07
615,47.793795,-122.492123,-10.0,2015/11/14,09:17:11
616,47.793856,-122.492253,-11.0,2015/11/14,09:17:15
617,47.793917,-122.492392,-10.0,2015/11/14,09:17:19
618,47.793965,-122.492543,-8.0,2015/11/14,09:17:23
619,47.794008,-122.492690,-7.0,2015/11/14,09:17:27
620,47.794045,-122.492828,-5.0,2015/11/14,09:17:31
621,47.794095,-122.492975,-9.0,2015/11/14,09:17:36
622,47.794156,-122.493102,-10.0,2015/11/14,09:17:41
623,47.794228,-122.493212,-11.0,2015/11/14,09:17:47
624,47.794299,-122.493308,-13.0,2015/11/14,09:17:55
